Chaleur B,1
Manufaktura Czekolady,7
Isidro,4
Rogue,16
Pomm (aka Dead Dog),2
La Chocolaterie Nanairo,4
Zotter,17
Dick Taylor,13
Heirloom Cacao Preservation (Mindo),1
Pura Delizia,1
Cacao Store,3
Madecasse (Cinagra),4
Scharffen Berger,17
Amedei,13
Starchild,5
Domori,22
Un Dimanche A Paris,1
Maverick,4
Bittersweet Origins,14
Nahua,2
Askinosie,6
Mayacama,1
Soma,46
Izard,2
Garden Island,1
Zokoko,5
Alain Ducasse,5
De Villiers,2
Cacao Prieto,4
Heilemann,1
Chocola'te,2
East Van Roasters,3
Beschle (Felchlin),8
Grand Place,1
Beehive,4
L'Amourette,4
Loiza,1
Roasting Masters,3
Bowler Man,2
Honest,1
Compania de Chocolate (Salgado),5
Naï¿½ve,3
Lilla,1
Treehouse,1
Luker,4
Tocoti,3
Indi,1
Sjolinds,2
Dolfin (Belcolade),2
Georgia Ramon,5
Kaoka (Cemoi),2
Captain Pembleton,2
Kah Kow,4
C-Amaro,7
Bar Au Chocolat,5
Sublime Origins,2
Molucca,3
Franceschi,4
Theobroma,1
Ocho,6
The Smooth Chocolator,16
Vintage Plantations,1
Solomons Gold,2
Breeze Mill,1
Heirloom Cacao Preservation (Millcreek),1
Ranger,3
Park 75,1
Marigold's Finest,1
Hotel Chocolat,3
Acalli,2
Felchlin,7
Willie's Cacao,8
Parliament,4
Oakland Chocolate Co.,1
DAR,3
De Mendes,2
Rancho San Jacinto,1
Green Bean to Bar,1
Montecristi,3
Obolo,2
Rozsavolgyi,7
Desbarres,1
Bouga Cacao (Tulicorp),2
Shark's,2
Whittakers,1
El Ceibo,2
Heirloom Cacao Preservation (Guittard),4
Majani,1
Undone,2
Guido Castagna,5
Levy,1
Tabal,4
Belyzium,3
Monarque,1
Artisan du Chocolat,16
Amano,9
Cello,4
Neuhaus (Callebaut),6
Robert (aka Chocolaterie Robert),2
Meadowlands,5
Chocovic,8
Cemoi,1
DeVries,3
Martin Mayer,3
Kerchner,1
Cacao de Origen,6
Cao,5
Rain Republic,1
Raw Cocoa,1
Bahen & Co.,5
Fresco,26
Hacienda El Castillo,2
L.A. Burdick (Felchlin),9
Pangea,1
Urzi,1
Xocolla,2
Batch,3
Chequessett,1
iQ Chocolate,2
Mana,4
Escazu,5
Bronx Grrl Chocolate,1
Xocolat,1
Chocolate Makers,3
Heirloom Cacao Preservation (Fruition),1
Tsara (Cinagra),1
Kto,7
Chocolats Privilege,1
Malmo,1
Machu Picchu Trading Co.,2
Nibble,4
Somerville,2
Jordis,1
Laia aka Chat-Noir,10
Tobago Estate (Pralus),1
The Chocolate Tree,6
Creo,2
Chocosol,1
Fearless (AMMA),1
Patric,6
Frederic Blondeel,5
Claudio Corallo,4
Blue Bandana,6
Solkiki,2
Pierre Marcolini,14
Habitual,9
Chchukululu (Tulicorp),2
Kallari (Ecuatoriana),8
Malagasy (Chocolaterie Robert),2
Fossa,3
Mutari,4
Vicuna,2
Pralus,25
Woodblock,8
Forteza (Cortes),2
Bright,4
Ritual,9
Choocsol,1
Vanleer (Barry Callebaut),2
Confluence,1
Nanea,1
Chocablog,1
Doble & Bignall,4
Matale,4
Olivia,4
Orquidea,2
Pump Street Bakery,8
Naive,3
Cacao Market,1
Videri,5
Enric Rovira (Claudio Corallo),1
Blanxart,2
Eclat (Felchlin),1
Daintree,2
Ethereal,3
Tablette (aka Vanillabeans),4
Pacari,13
Map Chocolate,10
hello cocoa,2
Adi,4
French Broad,10
Metropolitan,1
Glennmade,2
Nugali,1
Finca,4
Vietcacao (A. Morin),1
Noir d' Ebine,2
A. Morin,23
Snake & Butterfly,3
Heirloom Cacao Preservation (Manoa),1
Spencer,7
Hachez,1
Arete,22
Raoul Boulanger,1
Ara,4
Bellflower,3
Omnom,3
Dole (Guittard),1
Peppalo,1
Oialla by Bojessen (Malmo),1
Madre,11
Jacque Torres,1
Stella (aka Bernrain),2
Cacao Arabuco,1
Amatller (Simon Coll),4
Green & Black's (ICAM),1
Chloe Chocolat,1
Lake Champlain (Callebaut),1
Ki' Xocolatl,1
Goodnow Farms,3
Christopher Morel (Felchlin),1
Soul,6
Duffy's,13
Wilkie's Organic,4
Chocovivo,2
Durci,5
HASH(0x8000039d0),
hexx,5
ChocoReko,1
Sprungli (Felchlin),1
Momotombo,3
Aequare (Gianduja),2
Kiskadee,1
Idilio (Felchlin),10
Britarev,1
Omanhene,1
Q Chocolate,6
Moho,3
Bakau,2
Olive and Sinclair,4
Sirene,11
Republica del Cacao (aka Confecta),5
Dark Forest,5
Lonohana,6
Taza,4
Condor,1
Baravelli's,1
Metiisto,2
Emerald Estate,2
Menakao (aka Cinagra),2
Anahata,1
Sibu,2
Cacao Hunters,7
StRita Supreme,3
Raaka,4
Original Hawaiin Chocolate Factory,2
Cote d' Or (Kraft),1
Indaphoria,2
Harper Macaw,4
Hummingbird,8
Marana,3
Hogarth,4
Nova Monda,3
Santander (Compania Nacional),5
Erithaj (A. Morin),3
Fruition,9
Guittard,22
Letterpress,9
Callebaut,2
Choco Del Sol,2
Artisan du Chocolat (Casa Luker),1
Dormouse,4
Chuao Chocolatier (Pralus),1
Silvio Bessone,4
Just Good Chocolate,3
Durand,1
Emily's,2
Friis Holm (Bonnat),12
Edelmond,1
Chocolarder,3
Choklat,5
Feitoria Cacao,3
The Barn,1
Wellington Chocolate Factory,2
Dalloway,1
Holy Cacao,9
Terroir,9
Pitch Dark,9
Animas,1
Mindo,2
Two Ravens,1
Rococo (Grenada Chocolate Co.),1
Forever Cacao,1
Vivra,3
Svenska Kakaobolaget,1
Brasstown aka It's Chocolate,9
Cacao Sampaka,9
Violet Sky,5
Monsieur Truffe,1
Cacaoyere (Ecuatoriana),4
Bisou,4
Nathan Miller,4
AMMA,5
Chuao Chocolatier,1
Love Bar,1
Zart Pralinen,6
Suruca Chocolate,2
Szanto Tibor,15
Grenada Chocolate Co.,3
La Pepa de Oro,1
Castronovo,14
Lillie Belle,6
Shark Mountain,6
Noble Bean aka Jerjobo,3
Heirloom Cacao Preservation (Brasstown),1
Debauve & Gallais (Michel Cluizel),2
ENNA,1
Charm School,1
Cacaosuyo (Theobroma Inversiones),1
Black Mountain,3
Sibu Sura,1
organicfair,5
Caoni (Tulicorp),6
Cloudforest,1
Maglio,4
Eau de Rose,2
Shattell,1
Summerbird,2
Kyya,4
Kakao,2
Brazen,6
Akesson's (Pralus),3
Mast Brothers,17
SRSLY,2
Night Owl,2
Hotel Chocolat (Coppeneur),19
Seaforth,2
Muchomas (Mesocacao),2
Davis,4
Sacred,2
Beau Cacao,2
Coppeneur,18
Lajedo do Ouro,1
Palette de Bine,11
Haigh,1
S.A.I.D.,5
Marsatta,2
Indah,1
Santome,1
Chokolat Elot (Girard),1
Belcolade,4
Wm,3
Stone Grindz,2
Minimal,1
Cacao de Origin,1
Cacao Barry,5
Dandelion,16
Ah Cacao,1
Ethel's Artisan (Mars),5
La Oroquidea,1
Chocolate Con Amor,7
Valrhona,21
Bernachon,1
Caribeans,5
Middlebury,11
Sol Cacao,2
Danta,9
Black River (A. Morin),1
K'ul,4
Theo,6
Spagnvola,3
Altus aka Cao Artisan,10
Malagos,1
Hoja Verde (Tulicorp),5
La Maison du Chocolat (Valrhona),10
Dean and Deluca (Belcolade),6
Pascha,2
El Rey,7
Millcreek Cacao Roasters,2
Dulcinea,1
Carlotta Chocolat,5
Solstice,6
Coleman & Davis,1
Tan Ban Skrati,1
Mesocacao,6
Malie Kai (Guittard),2
Alexandre,4
Ocelot,2
Original Beans (Felchlin),6
Damson,4
Mission,2
TCHO,8
Michel Cluizel,10
Manoa,7
Tejas,14
Heirloom Cacao Preservation (Zokoko),2
Chocolate Conspiracy,1
Mars,4
Chocolate Alchemist-Philly,2
Cravve,7
Lindt & Sprungli,1
Vintage Plantations (Tulicorp),4
Bonnat,27
Manifesto Cacao,1
Marou,10
Benoit Nihant,6
Upchurch,2
Timo A. Meyer,1
Paul Young,2
Amazona,2
Mita,1
Nuance,5
To'ak (Ecuatoriana),1
Pinellas,1
Choco Dong,2
Potomac,7
twenty-four blackbirds,6
Ohiyo,2
Zak's,6
Vao Vao (Chocolaterie Robert),6
Quetzalli (Wolter),2
Friis Holm,1
Ambrosia,6
Burnt Fork Bend,5
Salgado,4
Shattel,1
Cacao Atlanta,4
