,Company_Location
0,France
1,France
2,France
3,France
4,France
5,France
6,France
7,France
8,France
9,France
10,France
11,France
12,France
13,France
14,France
15,France
16,France
17,France
18,France
19,France
20,France
21,France
22,France
23,U.S.A.
24,U.S.A.
25,Fiji
26,Fiji
27,Fiji
28,Fiji
29,Ecuador
30,Ecuador
31,Mexico
32,Switzerland
33,Switzerland
34,Switzerland
35,France
36,France
37,France
38,France
39,France
40,Netherlands
41,Netherlands
42,Netherlands
43,Netherlands
44,U.S.A.
45,U.S.A.
46,U.S.A.
47,U.S.A.
48,U.S.A.
49,U.S.A.
50,U.S.A.
51,U.S.A.
52,U.S.A.
53,U.S.A.
54,U.S.A.
55,U.S.A.
56,U.S.A.
57,U.S.A.
58,U.S.A.
59,U.S.A.
60,U.S.A.
61,U.S.A.
62,U.S.A.
63,Spain
64,Spain
65,Spain
66,Spain
67,Peru
68,Peru
69,Canada
70,Canada
71,Canada
72,Canada
73,Canada
74,Canada
75,Italy
76,Italy
77,Italy
78,Italy
79,Italy
80,Italy
81,Italy
82,Italy
83,Italy
84,Italy
85,Italy
86,Italy
87,Italy
88,Brazil
89,Brazil
90,Brazil
91,Brazil
92,Brazil
93,U.S.A.
94,U.S.A.
95,France
96,France
97,France
98,France
99,U.S.A.
100,U.S.A.
101,U.S.A.
102,U.S.A.
103,U.S.A.
104,U.S.A.
105,U.S.A.
106,U.S.A.
107,U.S.A.
108,U.S.A.
109,U.S.A.
110,U.S.A.
111,U.S.A.
112,U.S.A.
113,U.S.A.
114,U.S.A.
115,U.S.A.
116,U.S.A.
117,U.S.A.
118,U.S.A.
119,U.S.A.
120,U.S.A.
121,U.K.
122,U.K.
123,U.K.
124,U.K.
125,U.K.
126,U.K.
127,U.K.
128,U.K.
129,U.K.
130,U.K.
131,U.K.
132,U.K.
133,U.K.
134,U.K.
135,U.K.
136,U.K.
137,U.K.
138,U.S.A.
139,U.S.A.
140,U.S.A.
141,U.S.A.
142,U.S.A.
143,U.S.A.
144,Australia
145,Australia
146,Australia
147,Australia
148,Australia
149,Peru
150,Peru
151,U.S.A.
152,U.S.A.
153,U.S.A.
154,U.S.A.
155,U.S.A.
156,Wales
157,U.S.A.
158,U.S.A.
159,U.S.A.
160,U.K.
161,U.K.
162,U.S.A.
163,U.S.A.
164,U.S.A.
165,U.S.A.
166,Belgium
167,Belgium
168,Belgium
169,Belgium
170,U.S.A.
171,U.S.A.
172,U.S.A.
173,Germany
174,Germany
175,Germany
176,Belgium
177,Belgium
178,Belgium
179,Belgium
180,Belgium
181,Belgium
182,France
183,Switzerland
184,Switzerland
185,Switzerland
186,Switzerland
187,Switzerland
188,Switzerland
189,Switzerland
190,Switzerland
191,U.S.A.
192,U.S.A.
193,U.S.A.
194,U.S.A.
195,U.S.A.
196,U.S.A.
197,U.S.A.
198,U.S.A.
199,U.S.A.
200,U.S.A.
201,U.S.A.
202,U.S.A.
203,U.S.A.
204,U.S.A.
205,U.S.A.
206,U.S.A.
207,U.S.A.
208,U.S.A.
209,U.S.A.
210,U.S.A.
211,U.S.A.
212,U.K.
213,Spain
214,Spain
215,U.S.A.
216,U.S.A.
217,U.S.A.
218,U.S.A.
219,U.S.A.
220,U.S.A.
221,France
222,France
223,France
224,France
225,France
226,France
227,France
228,France
229,France
230,France
231,France
232,France
233,France
234,France
235,France
236,France
237,France
238,France
239,France
240,France
241,France
242,France
243,France
244,France
245,France
246,France
247,France
248,Ecuador
249,Ecuador
250,U.S.A.
251,U.S.A.
252,U.S.A.
253,U.S.A.
254,U.S.A.
255,U.S.A.
256,U.S.A.
257,U.S.A.
258,U.S.A.
259,U.S.A.
260,U.S.A.
261,U.S.A.
262,U.S.A.
263,U.S.A.
264,U.S.A.
265,U.S.A.
266,U.S.A.
267,U.S.A.
268,Australia
269,Australia
270,Australia
271,Australia
272,Russia
273,U.S.A.
274,U.S.A.
275,U.S.A.
276,U.S.A.
277,U.S.A.
278,U.S.A.
279,Puerto Rico
280,U.S.A.
281,U.S.A.
282,U.S.A.
283,U.S.A.
284,France
285,France
286,France
287,France
288,France
289,Venezuela
290,Venezuela
291,Venezuela
292,Venezuela
293,Venezuela
294,Venezuela
295,Venezuela
296,Colombia
297,Colombia
298,Colombia
299,Colombia
300,Colombia
301,Colombia
302,Colombia
303,U.S.A.
304,U.S.A.
305,U.S.A.
306,U.S.A.
307,U.S.A.
308,Spain
309,Spain
310,Spain
311,Spain
312,Spain
313,Spain
314,Spain
315,Spain
316,Spain
317,Japan
318,Japan
319,Japan
320,Peru
321,Ecuador
322,Ecuador
323,Ecuador
324,Ecuador
325,Belgium
326,Belgium
327,Italy
328,Italy
329,Italy
330,Italy
331,Italy
332,Italy
333,Italy
334,U.S.A.
335,U.S.A.
336,U.S.A.
337,U.S.A.
338,U.S.A.
339,Ecuador
340,Ecuador
341,Ecuador
342,Ecuador
343,Ecuador
344,Ecuador
345,New Zealand
346,New Zealand
347,Costa Rica
348,Costa Rica
349,Costa Rica
350,Costa Rica
351,Costa Rica
352,Colombia
353,Colombia
354,Colombia
355,Colombia
356,Colombia
357,U.S.A.
358,U.S.A.
359,U.S.A.
360,U.S.A.
361,U.S.A.
362,U.S.A.
363,U.S.A.
364,U.S.A.
365,U.S.A.
366,U.S.A.
367,U.S.A.
368,U.S.A.
369,U.S.A.
370,U.S.A.
371,U.S.A.
372,U.S.A.
373,U.S.A.
374,U.S.A.
375,France
376,Canada
377,U.S.A.
378,Ecuador
379,Ecuador
380,U.S.A.
381,France
382,U.K.
383,Germany
384,Germany
385,South Korea
386,South Korea
387,U.K.
388,U.K.
389,U.K.
390,U.S.A.
391,U.S.A.
392,U.S.A.
393,U.S.A.
394,U.S.A.
395,U.S.A.
396,U.S.A.
397,U.S.A.
398,U.S.A.
399,U.S.A.
400,U.S.A.
401,U.S.A.
402,Amsterdam
403,Amsterdam
404,Amsterdam
405,Scotland
406,Scotland
407,Scotland
408,Scotland
409,Scotland
410,Scotland
411,Canada
412,Japan
413,Canada
414,Spain
415,Spain
416,Spain
417,Spain
418,Spain
419,Spain
420,Spain
421,Spain
422,U.S.A.
423,U.S.A.
424,Canada
425,Canada
426,Canada
427,Canada
428,Canada
429,Martinique
430,Canada
431,Canada
432,U.S.A.
433,U.S.A.
434,Sao Tome
435,Sao Tome
436,Sao Tome
437,Sao Tome
438,U.S.A.
439,U.S.A.
440,Argentina
441,Argentina
442,Argentina
443,Argentina
444,Argentina
445,U.S.A.
446,U.S.A.
447,Germany
448,Germany
449,Germany
450,Germany
451,Germany
452,Germany
453,Germany
454,Germany
455,Germany
456,Germany
457,Germany
458,Germany
459,Germany
460,Germany
461,Germany
462,Germany
463,Germany
464,Germany
465,Belgium
466,Australia
467,Australia
468,Australia
469,Australia
470,Australia
471,Australia
472,Australia
473,U.S.A.
474,U.S.A.
475,Australia
476,Australia
477,U.S.A.
478,U.K.
479,U.K.
480,U.K.
481,U.K.
482,U.S.A.
483,U.S.A.
484,U.S.A.
485,U.S.A.
486,U.S.A.
487,U.S.A.
488,U.S.A.
489,U.S.A.
490,U.S.A.
491,U.S.A.
492,U.S.A.
493,U.S.A.
494,U.S.A.
495,U.S.A.
496,U.S.A.
497,U.S.A.
498,Guatemala
499,Guatemala
500,Guatemala
501,Guatemala
502,Guatemala
503,Guatemala
504,Guatemala
505,Guatemala
506,Guatemala
507,U.S.A.
508,U.S.A.
509,U.S.A.
510,U.S.A.
511,U.S.A.
512,U.S.A.
513,U.S.A.
514,U.S.A.
515,U.S.A.
516,U.S.A.
517,U.S.A.
518,U.S.A.
519,Brazil
520,Brazil
521,South Africa
522,South Africa
523,U.S.A.
524,U.S.A.
525,U.S.A.
526,U.S.A.
527,U.S.A.
528,U.S.A.
529,France
530,France
531,Canada
532,U.S.A.
533,U.S.A.
534,U.S.A.
535,U.S.A.
536,U.S.A.
537,U.S.A.
538,U.S.A.
539,U.S.A.
540,U.S.A.
541,U.S.A.
542,U.S.A.
543,U.S.A.
544,U.S.A.
545,U.S.A.
546,U.S.A.
547,U.S.A.
548,U.K.
549,U.K.
550,U.K.
551,U.K.
552,U.S.A.
553,Belgium
554,Belgium
555,Italy
556,Italy
557,Italy
558,Italy
559,Italy
560,Italy
561,Italy
562,Italy
563,Italy
564,Italy
565,Italy
566,Italy
567,Italy
568,Italy
569,Italy
570,Italy
571,Italy
572,Italy
573,Italy
574,Italy
575,Italy
576,Italy
577,U.K.
578,U.K.
579,U.K.
580,U.K.
581,U.K.
582,U.K.
583,U.K.
584,U.K.
585,U.K.
586,U.K.
587,U.K.
588,U.K.
589,U.K.
590,U.K.
591,U.K.
592,U.K.
593,U.K.
594,U.S.A.
595,France
596,U.S.A.
597,U.S.A.
598,U.S.A.
599,U.S.A.
600,U.S.A.
601,Canada
602,Canada
603,Canada
604,Canada
605,Canada
606,U.S.A.
607,Germany
608,Bolivia
609,Bolivia
610,Venezuela
611,Venezuela
612,Venezuela
613,Venezuela
614,Venezuela
615,Venezuela
616,Venezuela
617,St. Lucia
618,St. Lucia
619,Japan
620,Japan
621,U.S.A.
622,Spain
623,France
624,France
625,France
626,U.S.A.
627,U.S.A.
628,U.S.A.
629,U.S.A.
630,U.S.A.
631,U.S.A.
632,U.S.A.
633,U.S.A.
634,U.S.A.
635,U.S.A.
636,U.S.A.
637,U.S.A.
638,U.S.A.
639,U.S.A.
640,Portugal
641,Portugal
642,Portugal
643,Switzerland
644,Switzerland
645,Switzerland
646,Switzerland
647,Switzerland
648,Switzerland
649,Switzerland
650,U.S.A.
651,U.S.A.
652,U.S.A.
653,U.S.A.
654,U.K.
655,Puerto Rico
656,Puerto Rico
657,Singapore
658,Singapore
659,Singapore
660,Venezuela
661,Venezuela
662,Venezuela
663,Venezuela
664,Belgium
665,Belgium
666,Belgium
667,Belgium
668,Belgium
669,U.S.A.
670,U.S.A.
671,U.S.A.
672,U.S.A.
673,U.S.A.
674,U.S.A.
675,U.S.A.
676,U.S.A.
677,U.S.A.
678,U.S.A.
679,U.S.A.
680,U.S.A.
681,U.S.A.
682,U.S.A.
683,U.S.A.
684,U.S.A.
685,U.S.A.
686,U.S.A.
687,U.S.A.
688,U.S.A.
689,U.S.A.
690,U.S.A.
691,U.S.A.
692,U.S.A.
693,U.S.A.
694,U.S.A.
695,U.S.A.
696,U.S.A.
697,U.S.A.
698,U.S.A.
699,U.S.A.
700,U.S.A.
701,U.S.A.
702,U.S.A.
703,U.S.A.
704,U.S.A.
705,Denmark
706,Denmark
707,Denmark
708,Denmark
709,Denmark
710,Denmark
711,Denmark
712,Denmark
713,Denmark
714,Denmark
715,Denmark
716,Denmark
717,Denmark
718,U.S.A.
719,U.S.A.
720,U.S.A.
721,U.S.A.
722,U.S.A.
723,U.S.A.
724,U.S.A.
725,U.S.A.
726,U.S.A.
727,U.S.A.
728,Germany
729,Germany
730,Germany
731,Germany
732,Germany
733,U.S.A.
734,U.S.A.
735,U.S.A.
736,U.S.A.
737,U.S.A.
738,Vietnam
739,U.K.
740,Japan
741,Grenada
742,Grenada
743,Grenada
744,Italy
745,Italy
746,Italy
747,Italy
748,Italy
749,U.S.A.
750,U.S.A.
751,U.S.A.
752,U.S.A.
753,U.S.A.
754,U.S.A.
755,U.S.A.
756,U.S.A.
757,U.S.A.
758,U.S.A.
759,U.S.A.
760,U.S.A.
761,U.S.A.
762,U.S.A.
763,U.S.A.
764,U.S.A.
765,U.S.A.
766,U.S.A.
767,U.S.A.
768,U.S.A.
769,U.S.A.
770,U.S.A.
771,Canada
772,Canada
773,Canada
774,Canada
775,Canada
776,Canada
777,Canada
778,Canada
779,Canada
780,Germany
781,Ecuador
782,Ecuador
783,Australia
784,U.S.A.
785,U.S.A.
786,U.S.A.
787,U.S.A.
788,Germany
789,U.S.A.
790,U.S.A.
791,U.S.A.
792,U.S.A.
793,U.S.A.
794,U.S.A.
795,U.S.A.
796,U.S.A.
797,U.S.A.
798,U.S.A.
799,U.S.A.
800,U.S.A.
801,U.S.A.
802,U.S.A.
803,U.S.A.
804,U.S.A.
805,U.S.A.
806,U.S.A.
807,New Zealand
808,New Zealand
809,New Zealand
810,New Zealand
811,Ecuador
812,Ecuador
813,Ecuador
814,Ecuador
815,Ecuador
816,Israel
817,Israel
818,Israel
819,Israel
820,Israel
821,Israel
822,Israel
823,Israel
824,Israel
825,South Africa
826,U.K.
827,U.K.
828,U.K.
829,U.K.
830,U.K.
831,U.K.
832,U.K.
833,U.K.
834,U.K.
835,U.K.
836,U.K.
837,U.K.
838,U.K.
839,U.K.
840,U.K.
841,U.K.
842,U.K.
843,U.K.
844,U.K.
845,U.K.
846,U.K.
847,U.K.
848,Canada
849,Canada
850,Canada
851,Canada
852,Canada
853,Canada
854,Canada
855,Canada
856,Switzerland
857,Switzerland
858,Switzerland
859,Switzerland
860,Switzerland
861,Switzerland
862,Switzerland
863,Switzerland
864,Switzerland
865,Switzerland
866,India
867,U.S.A.
868,U.S.A.
869,U.S.A.
870,Scotland
871,Scotland
872,U.S.A.
873,U.S.A.
874,U.S.A.
875,U.S.A.
876,U.S.A.
877,U.S.A.
878,U.S.A.
879,Czech Republic
880,U.S.A.
881,U.S.A.
882,U.S.A.
883,Domincan Republic
884,Domincan Republic
885,Domincan Republic
886,Domincan Republic
887,Germany
888,Germany
889,Ecuador
890,Ecuador
891,Ecuador
892,Ecuador
893,Ecuador
894,Ecuador
895,Ecuador
896,Ecuador
897,France
898,France
899,U.S.A.
900,Mexico
901,U.S.A.
902,U.S.A.
903,U.S.A.
904,U.S.A.
905,U.S.A.
906,U.S.A.
907,U.S.A.
908,U.S.A.
909,U.S.A.
910,U.S.A.
911,U.S.A.
912,U.S.A.
913,U.S.A.
914,U.S.A.
915,U.S.A.
916,U.S.A.
917,U.S.A.
918,U.S.A.
919,U.S.A.
920,U.S.A.
921,U.S.A.
922,U.S.A.
923,U.S.A.
924,U.S.A.
925,U.S.A.
926,Japan
927,Japan
928,Japan
929,Japan
930,France
931,France
932,France
933,France
934,France
935,France
936,France
937,France
938,France
939,France
940,Peru
941,Ecuador
942,France
943,France
944,France
945,France
946,France
947,France
948,France
949,France
950,France
951,France
952,Brazil
953,U.S.A.
954,U.S.A.
955,U.S.A.
956,U.S.A.
957,U.S.A.
958,U.S.A.
959,U.S.A.
960,U.S.A.
961,U.S.A.
962,U.S.A.
963,U.S.A.
964,U.S.A.
965,U.S.A.
966,U.S.A.
967,Finland
968,Finland
969,U.S.A.
970,U.S.A.
971,U.S.A.
972,U.S.A.
973,U.S.A.
974,U.S.A.
975,Switzerland
976,Puerto Rico
977,U.S.A.
978,U.S.A.
979,U.S.A.
980,U.S.A.
981,U.S.A.
982,U.S.A.
983,U.S.A.
984,Colombia
985,Colombia
986,Colombia
987,Colombia
988,Peru
989,Peru
990,Madagascar
991,Madagascar
992,Madagascar
993,Madagascar
994,U.S.A.
995,U.S.A.
996,U.S.A.
997,U.S.A.
998,U.S.A.
999,U.S.A.
1000,U.S.A.
1001,U.S.A.
1002,U.S.A.
1003,U.S.A.
1004,U.S.A.
1005,Italy
1006,Italy
1007,Italy
1008,Italy
1009,Italy
1010,Madagascar
1011,Madagascar
1012,Philippines
1013,U.S.A.
1014,U.S.A.
1015,Sweden
1016,U.S.A.
1017,U.S.A.
1018,U.S.A.
1019,U.S.A.
1020,Colombia
1021,U.S.A.
1022,U.S.A.
1023,U.S.A.
1024,U.S.A.
1025,U.S.A.
1026,U.S.A.
1027,U.S.A.
1028,Poland
1029,Poland
1030,Poland
1031,Poland
1032,Poland
1033,Poland
1034,Poland
1035,U.S.A.
1036,U.S.A.
1037,U.S.A.
1038,U.S.A.
1039,U.S.A.
1040,U.S.A.
1041,U.S.A.
1042,U.S.A.
1043,U.S.A.
1044,U.S.A.
1045,Peru
1046,Peru
1047,Peru
1048,Canada
1049,Vietnam
1050,Vietnam
1051,Vietnam
1052,Vietnam
1053,Vietnam
1054,Vietnam
1055,Vietnam
1056,Vietnam
1057,Vietnam
1058,Vietnam
1059,U.S.A.
1060,U.S.A.
1061,U.S.A.
1062,U.S.A.
1063,U.S.A.
1064,U.S.A.
1065,Austria
1066,Austria
1067,Austria
1068,U.S.A.
1069,U.S.A.
1070,U.S.A.
1071,U.S.A.
1072,U.S.A.
1073,U.S.A.
1074,U.S.A.
1075,U.S.A.
1076,U.S.A.
1077,U.S.A.
1078,U.S.A.
1079,U.S.A.
1080,U.S.A.
1081,U.S.A.
1082,U.S.A.
1083,U.S.A.
1084,U.S.A.
1085,Australia
1086,Australia
1087,Australia
1088,Australia
1089,U.S.A.
1090,U.S.A.
1091,U.S.A.
1092,U.S.A.
1093,U.S.A.
1094,U.S.A.
1095,U.S.A.
1096,U.S.A.
1097,U.S.A.
1098,U.S.A.
1099,Madagascar
1100,Madagascar
1101,Honduras
1102,Honduras
1103,Honduras
1104,Honduras
1105,Honduras
1106,Honduras
1107,Sweden
1108,Sweden
1109,Amsterdam
1110,France
1111,France
1112,France
1113,France
1114,France
1115,France
1116,France
1117,France
1118,France
1119,France
1120,U.S.A.
1121,U.S.A.
1122,U.S.A.
1123,U.S.A.
1124,U.S.A.
1125,U.S.A.
1126,U.S.A.
1127,U.S.A.
1128,U.S.A.
1129,U.S.A.
1130,U.S.A.
1131,U.S.A.
1132,U.S.A.
1133,U.S.A.
1134,U.S.A.
1135,Japan
1136,Brazil
1137,Brazil
1138,Colombia
1139,U.S.A.
1140,U.S.A.
1141,U.S.A.
1142,U.S.A.
1143,U.S.A.
1144,U.S.A.
1145,Nicaragua
1146,Nicaragua
1147,Nicaragua
1148,Canada
1149,Australia
1150,Ecuador
1151,Ecuador
1152,Ecuador
1153,U.S.A.
1154,U.S.A.
1155,U.S.A.
1156,U.S.A.
1157,U.S.A.
1158,U.S.A.
1159,Costa Rica
1160,Costa Rica
1161,Lithuania
1162,Lithuania
1163,Lithuania
1164,Lithuania
1165,Lithuania
1166,Lithuania
1167,U.S.A.
1168,U.S.A.
1169,U.S.A.
1170,U.S.A.
1171,U.S.A.
1172,Belgium
1173,Belgium
1174,Belgium
1175,Belgium
1176,Belgium
1177,Belgium
1178,U.S.A.
1179,U.S.A.
1180,U.S.A.
1181,U.S.A.
1182,U.S.A.
1183,U.S.A.
1184,U.S.A.
1185,U.S.A.
1186,U.S.A.
1187,U.S.A.
1188,U.S.A.
1189,Nicaragua
1190,Niacragua
1191,Nicaragua
1192,U.S.A.
1193,U.S.A.
1194,U.S.A.
1195,U.S.A.
1196,U.S.A.
1197,Brazil
1198,U.S.A.
1199,Chile
1200,Chile
1201,Scotland
1202,Scotland
1203,New Zealand
1204,New Zealand
1205,New Zealand
1206,New Zealand
1207,New Zealand
1208,New Zealand
1209,U.S.A.
1210,U.S.A.
1211,Germany
1212,U.S.A.
1213,U.S.A.
1214,U.S.A.
1215,U.S.A.
1216,Canada
1217,Canada
1218,Canada
1219,Canada
1220,Ghana
1221,Iceland
1222,Iceland
1223,Iceland
1224,Canada
1225,Canada
1226,Canada
1227,Canada
1228,Canada
1229,Switzerland
1230,Switzerland
1231,Switzerland
1232,Switzerland
1233,Switzerland
1234,Switzerland
1235,U.S.A.
1236,U.S.A.
1237,Peru
1238,Peru
1239,Ecuador
1240,Ecuador
1241,Ecuador
1242,Ecuador
1243,Ecuador
1244,Ecuador
1245,Ecuador
1246,Ecuador
1247,Ecuador
1248,Ecuador
1249,Ecuador
1250,Ecuador
1251,Ecuador
1252,Canada
1253,Canada
1254,Canada
1255,Canada
1256,Canada
1257,Canada
1258,Canada
1259,Canada
1260,Canada
1261,Canada
1262,Canada
1263,Spain
1264,U.S.A.
1265,U.S.A.
1266,U.S.A.
1267,U.S.A.
1268,U.S.A.
1269,Peru
1270,Peru
1271,U.S.A.
1272,U.S.A.
1273,U.S.A.
1274,U.S.A.
1275,U.S.A.
1276,U.S.A.
1277,U.K.
1278,U.K.
1279,U.S.A.
1280,Belgium
1281,Belgium
1282,Belgium
1283,Belgium
1284,Belgium
1285,Belgium
1286,Belgium
1287,Belgium
1288,Belgium
1289,Belgium
1290,Belgium
1291,Belgium
1292,Belgium
1293,Belgium
1294,U.S.A.
1295,U.S.A.
1296,U.S.A.
1297,U.S.A.
1298,U.S.A.
1299,U.S.A.
1300,U.S.A.
1301,U.S.A.
1302,U.S.A.
1303,U.S.A.
1304,U.S.A.
1305,U.S.A.
1306,U.S.A.
1307,U.S.A.
1308,U.S.A.
1309,U.S.A.
1310,U.S.A.
1311,U.S.A.
1312,U.S.A.
1313,France
1314,France
1315,France
1316,France
1317,France
1318,France
1319,France
1320,France
1321,France
1322,France
1323,France
1324,France
1325,France
1326,France
1327,France
1328,France
1329,France
1330,France
1331,France
1332,France
1333,France
1334,France
1335,France
1336,France
1337,France
1338,U.K.
1339,U.K.
1340,U.K.
1341,U.K.
1342,U.K.
1343,U.K.
1344,U.K.
1345,U.K.
1346,Italy
1347,Brazil
1348,Brazil
1349,Brazil
1350,Brazil
1351,Brazil
1352,Brazil
1353,Mexico
1354,Mexico
1355,U.S.A.
1356,U.S.A.
1357,U.S.A.
1358,U.S.A.
1359,Guatemala
1360,Eucador
1361,U.S.A.
1362,U.S.A.
1363,U.S.A.
1364,France
1365,Poland
1366,Ecuador
1367,Ecuador
1368,Ecuador
1369,Ecuador
1370,Ecuador
1371,U.S.A.
1372,U.S.A.
1373,U.S.A.
1374,U.S.A.
1375,U.S.A.
1376,U.S.A.
1377,U.S.A.
1378,U.S.A.
1379,U.S.A.
1380,South Korea
1381,South Korea
1382,South Korea
1383,Madagascar
1384,Madagascar
1385,U.K.
1386,U.S.A.
1387,U.S.A.
1388,U.S.A.
1389,U.S.A.
1390,U.S.A.
1391,U.S.A.
1392,U.S.A.
1393,U.S.A.
1394,U.S.A.
1395,U.S.A.
1396,U.S.A.
1397,U.S.A.
1398,U.S.A.
1399,U.S.A.
1400,U.S.A.
1401,U.S.A.
1402,Hungary
1403,Hungary
1404,Hungary
1405,Hungary
1406,Hungary
1407,Hungary
1408,Hungary
1409,Italy
1410,Italy
1411,Italy
1412,Italy
1413,Italy
1414,U.S.A.
1415,U.S.A.
1416,Argentina
1417,Argentina
1418,Argentina
1419,Argentina
1420,Colombia
1421,Colombia
1422,Colombia
1423,Colombia
1424,Colombia
1425,France
1426,U.S.A.
1427,U.S.A.
1428,U.S.A.
1429,U.S.A.
1430,U.S.A.
1431,U.S.A.
1432,U.S.A.
1433,U.S.A.
1434,U.S.A.
1435,U.S.A.
1436,U.S.A.
1437,U.S.A.
1438,U.S.A.
1439,U.S.A.
1440,U.S.A.
1441,U.S.A.
1442,U.S.A.
1443,U.K.
1444,U.K.
1445,U.S.A.
1446,U.S.A.
1447,U.S.A.
1448,U.S.A.
1449,U.S.A.
1450,U.S.A.
1451,U.S.A.
1452,U.S.A.
1453,Peru
1454,Peru
1455,Costa Rica
1456,Costa Rica
1457,U.S.A.
1458,Italy
1459,Italy
1460,Italy
1461,Italy
1462,Canada
1463,Canada
1464,Canada
1465,Canada
1466,Canada
1467,Canada
1468,Canada
1469,Canada
1470,Canada
1471,Canada
1472,Canada
1473,U.S.A.
1474,U.S.A.
1475,Australia
1476,Australia
1477,Australia
1478,Australia
1479,Australia
1480,Australia
1481,Australia
1482,Australia
1483,Australia
1484,Australia
1485,Australia
1486,Australia
1487,Australia
1488,Australia
1489,Australia
1490,Australia
1491,U.S.A.
1492,U.S.A.
1493,U.S.A.
1494,U.S.A.
1495,U.S.A.
1496,U.K.
1497,U.K.
1498,New Zealand
1499,New Zealand
1500,U.S.A.
1501,U.S.A.
1502,U.S.A.
1503,U.S.A.
1504,U.S.A.
1505,U.S.A.
1506,Canada
1507,Canada
1508,Canada
1509,Canada
1510,Canada
1511,Canada
1512,Canada
1513,Canada
1514,Canada
1515,Canada
1516,Canada
1517,Canada
1518,Canada
1519,Canada
1520,Canada
1521,Canada
1522,Canada
1523,Canada
1524,Canada
1525,Canada
1526,Canada
1527,Canada
1528,Canada
1529,Canada
1530,Canada
1531,Canada
1532,Canada
1533,Canada
1534,Canada
1535,Canada
1536,Canada
1537,Canada
1538,Canada
1539,Canada
1540,Canada
1541,Canada
1542,Canada
1543,Canada
1544,Canada
1545,Canada
1546,Canada
1547,Canada
1548,Canada
1549,Canada
1550,Canada
1551,Canada
1552,U.S.A.
1553,U.S.A.
1554,Canada
1555,Canada
1556,Canada
1557,Canada
1558,Canada
1559,Canada
1560,U.S.A.
1561,U.S.A.
1562,U.S.A.
1563,U.S.A.
1564,U.S.A.
1565,U.S.A.
1566,Australia
1567,Australia
1568,Australia
1569,Australia
1570,Switzerland
1571,U.S.A.
1572,U.S.A.
1573,U.S.A.
1574,U.S.A.
1575,U.S.A.
1576,U.S.A.
1577,U.S.A.
1578,Switzerland
1579,Switzerland
1580,U.S.A.
1581,U.S.A.
1582,U.S.A.
1583,U.S.A.
1584,U.S.A.
1585,U.S.A.
1586,U.S.A.
1587,Denmark
1588,Denmark
1589,Venezuela
1590,Venezuela
1591,Sweden
1592,Hungary
1593,Hungary
1594,Hungary
1595,Hungary
1596,Hungary
1597,Hungary
1598,Hungary
1599,Hungary
1600,Hungary
1601,Hungary
1602,Hungary
1603,Hungary
1604,Hungary
1605,Hungary
1606,Hungary
1607,U.S.A.
1608,U.S.A.
1609,U.S.A.
1610,U.S.A.
1611,Japan
1612,Japan
1613,Japan
1614,Japan
1615,Suriname
1616,U.S.A.
1617,U.S.A.
1618,U.S.A.
1619,U.S.A.
1620,U.S.A.
1621,U.S.A.
1622,U.S.A.
1623,U.S.A.
1624,U.S.A.
1625,U.S.A.
1626,U.S.A.
1627,U.S.A.
1628,U.S.A.
1629,U.S.A.
1630,U.S.A.
1631,U.S.A.
1632,U.S.A.
1633,U.S.A.
1634,U.S.A.
1635,U.S.A.
1636,U.S.A.
1637,U.S.A.
1638,U.S.A.
1639,U.S.A.
1640,U.S.A.
1641,U.S.A.
1642,U.S.A.
1643,U.S.A.
1644,U.S.A.
1645,U.S.A.
1646,U.S.A.
1647,U.S.A.
1648,U.S.A.
1649,U.S.A.
1650,U.S.A.
1651,Sweden
1652,U.S.A.
1653,U.S.A.
1654,U.S.A.
1655,U.S.A.
1656,U.S.A.
1657,U.S.A.
1658,Japan
1659,Germany
1660,Ecuador
1661,France
1662,U.S.A.
1663,U.S.A.
1664,U.S.A.
1665,U.S.A.
1666,Madagascar
1667,U.S.A.
1668,U.S.A.
1669,U.S.A.
1670,U.S.A.
1671,U.S.A.
1672,U.S.A.
1673,U.S.A.
1674,France
1675,U.S.A.
1676,U.S.A.
1677,U.S.A.
1678,U.S.A.
1679,Italy
1680,France
1681,France
1682,France
1683,France
1684,France
1685,France
1686,France
1687,France
1688,France
1689,France
1690,France
1691,France
1692,France
1693,France
1694,France
1695,France
1696,France
1697,France
1698,France
1699,France
1700,France
1701,U.S.A.
1702,U.S.A.
1703,Madagascar
1704,Madagascar
1705,Madagascar
1706,Madagascar
1707,Madagascar
1708,Madagascar
1709,U.S.A.
1710,U.S.A.
1711,U.S.A.
1712,U.S.A.
1713,U.S.A.
1714,U.S.A.
1715,U.S.A.
1716,France
1717,U.S.A.
1718,U.S.A.
1719,U.S.A.
1720,U.S.A.
1721,U.S.A.
1722,U.S.A.
1723,U.S.A.
1724,U.S.A.
1725,U.S.A.
1726,U.S.A.
1727,U.S.A.
1728,U.S.A.
1729,U.S.A.
1730,New Zealand
1731,New Zealand
1732,New Zealand
1733,Ireland
1734,Ireland
1735,Ireland
1736,Ireland
1737,U.K.
1738,U.K.
1739,U.K.
1740,U.K.
1741,U.K.
1742,U.K.
1743,U.K.
1744,U.K.
1745,U.S.A.
1746,U.S.A.
1747,U.S.A.
1748,U.S.A.
1749,U.S.A.
1750,U.S.A.
1751,U.S.A.
1752,U.S.A.
1753,U.S.A.
1754,U.S.A.
1755,U.S.A.
1756,Domincan Republic
1757,U.S.A.
1758,U.S.A.
1759,U.S.A.
1760,U.S.A.
1761,U.S.A.
1762,U.S.A.
1763,U.S.A.
1764,U.S.A.
1765,Austria
1766,Austria
1767,Austria
1768,Austria
1769,Austria
1770,Austria
1771,Australia
1772,Australia
1773,Australia
1774,Australia
1775,Australia
1776,Austria
1777,Austria
1778,Austria
1779,Austria
1780,Austria
1781,Austria
1782,Austria
1783,Austria
1784,Austria
1785,Austria
1786,Austria
1787,Austria
1788,Austria
1789,Austria
1790,Austria
1791,Austria
1792,Austria
